Epoch,Loss_D,Loss_G,Score_D,Score_G,PSNR,SSIM
1,0.990417846441269,0.01897486303001642,0.4905814880132675,0.4860407254099846,19.92978807223058,0.80486199259758
2,1.0159965932369233,0.01822094330564141,0.5088405185937881,0.5128263741731643,17.22899189937159,0.6768908053636551
3,0.9692553889751434,0.01732998088002205,0.20086164153180916,0.16250480253226565,20.69583791668952,0.8338234126567841
4,0.9400315320491791,0.01560239214450121,0.2629128301143646,0.20228729387267358,18.743689172555847,0.807325467467308
5,0.9587891530990601,0.015758280958980322,0.22610005542635916,0.1805186985755219,20.846722878584174,0.8491170406341553
