Epoch,Loss_D,Loss_G,Score_D,Score_G,PSNR,SSIM
1,1.0,0.011435754550620913,0.3,0.3,21.946018577408335,0.8888412117958069
2,0.9875,0.01113048568367958,0.325,0.3125,19.598662650380884,0.8138438910245895
3,1.0,0.012531000236049295,0.325,0.325,19.74380099394219,0.8433294743299484
4,1.0,0.01103446534834802,0.275,0.275,21.336340121401687,0.8641857355833054
5,1.0,0.010550770349800587,0.25,0.25,22.831514439213194,0.8935727179050446
